{
    "epoch": 2.986666666666667,
    "eval_loss": 0.2082703560590744,
    "eval_runtime": 8.184,
    "eval_samples_per_second": 12.219,
    "eval_steps_per_second": 12.219,
    "total_flos": 7581651349008384.0,
    "train_loss": 0.2893701881347668,
    "train_runtime": 809.4243,
    "train_samples_per_second": 3.336,
    "train_steps_per_second": 0.415
}