{
    "epoch": 2.986666666666667,
    "eval_loss": 0.2082703560590744,
    "eval_runtime": 8.184,
    "eval_samples_per_second": 12.219,
    "eval_steps_per_second": 12.219
}